Snomed Code,Description ,Type,"Micro Category  (B, I, A, M)",RCPath Score
M00000,Failed Biopsy,m,"benign,inflammation",2
M00100, Normal Or Near-normal,m,"atypical,malignant",3
M00120, Normal Cytology,m,"benign,atypical,malignant",4
M02760, Maceration,m,malignant,5
M03070, Nodule Fibrous,m,benign,8
M05500, Fungus identified,m,"benign,inflammation",6
M05750, Dermatophytosis,m,"benign,inflammation,atypical",7
M09000, Inadequate / Insufficient for Diagnosis,m,malignant,8
M09030, Artefact Nos,m,"benign,inflammation,malignant",9
M09100, No Tissue Received,m,"benign,inflammation,atypical,malignant",10
M09150, Tissue Lost in Processing,m,"benign,inflammation,atypical,malignant",11
M09350, Morphological Description Only,m,"benign,inflammation,atypical,malignant",12
M09450, No Evidence of Malignancy,m,"benign,inflammation,atypical,malignant",13
M10000, Traumatic,m,"benign,inflammation,atypical,malignant",14
M10540, Decubitus Ulcer,m,"benign,inflammation,atypical,malignant",15
M11100, Burn Injury,m,"benign,inflammation,atypical,malignant",16
M11200, Cold Injury,m,"benign,inflammation,atypical,malignant",17
M11460, Polymorphous Light Eruption,m,"benign,inflammation,atypical,malignant",18
M11620, Radiation Injury with Inflammation (Radiation Dermatitis),m,"benign,inflammation,atypical,malignant",19
M11640, Radiation Injury with Fibrosis,m,"benign,inflammation,atypical,malignant",1
M11660, Radiation Injury with Necrosis,m,"benign,inflammation,atypical,malignant",2
M14100, Abrasion / Excoriation,m,"benign,inflammation,atypical,malignant",3
M14110, Erosion,m,"benign,inflammation,atypical,malignant",4
M14360, Bite Insect,m,"benign,inflammation,atypical,malignant",5
M14430, Rupture,m,"benign,inflammation,atypical,malignant",6
M14700, Perforation Traumatic,m,"benign,inflammation,atypical,malignant",7
M14940, Torsion Injury,m,"benign,inflammation,atypical,malignant",8
M15820, Leiomyomatosis Peritonealis Disseminata,m,"benign,inflammation,atypical,malignant",9
M18200, Anastomosis,m,"benign,inflammation,atypical,malignant",10
M18800, Stoma / Tracheostomy,m,"benign,inflammation,atypical,malignant",11
M20000, Malformation Congenital,m,"benign,inflammation,atypical,malignant",12
M20400, Atresia Congenital / Biliary,m,"benign,inflammation,atypical,malignant",13
M21000, Agenesis / Aplasia,m,"benign,inflammation,atypical,malignant",14
M21620, Meningocoele,m,"benign,inflammation,atypical,malignant",15
M21660, Encephalocoele,m,"benign,inflammation,atypical,malignant",16
M21840, Arteriovenous Malformation,m,"benign,inflammation,atypical,malignant",17
M22300, Accessory / Supernumary,m,"benign,inflammation,atypical,malignant",18
M23000, Urogenital Malform Congenital,m,"benign,inflammation,atypical,malignant",19
M23070, Dysplasia Congenital Renal,m,"benign,inflammation,atypical,malignant",1
M23080, Dysplasia Multicystic Kidney,m,"benign,inflammation,atypical,malignant",2
M23300, Congenital Malform of GI Tract,m,"benign,inflammation,atypical,malignant",3
M24810, Arteriovenous Malformation,m,"benign,inflammation,atypical,malignant",4
M26000, Ectopic Tissue Nos,m,"benign,inflammation,atypical,malignant",5
M26020, Ectopic Pancreas,m,"benign,inflammation,atypical,malignant",6
M26030, Ectopic Breast Tissue,m,"benign,inflammation,atypical,malignant",7
M26040, Ectopic Intestinal Mucosa,m,"benign,inflammation,atypical,malignant",8
M26080, Ectopic Gastric Tissue,m,"benign,inflammation,atypical,malignant",9
M26090, Ectopic Adrenal Cortex,m,"benign,inflammation,atypical,malignant",10
M26100, Ectopic Thyroid Tissue,m,"benign,inflammation,atypical,malignant",11
M26190, Ectopic Tooth,m,"benign,inflammation,atypical,malignant",12
M26520, Cyst Odontogenic,m,"benign,inflammation,atypical,malignant",13
M26680, Cyst Bronchogenic,m,"benign,inflammation,atypical,malignant",14
M26730, Polycystic Kidney Adult Type,m,"benign,inflammation,atypical,malignant",15
M26740, Polycystic Kidney Infantile,m,"benign,inflammation,atypical,malignant",16
M28000, Products of Conception,m,"benign,inflammation,atypical,malignant",17
M28070, Ectopic Products of Conception,m,"benign,inflammation,atypical,malignant",18
M28100, Fetus Abnormal,m,"benign,inflammation,atypical,malignant",19
M28130, Fetus Macerated,m,"benign,inflammation,atypical,malignant",1
M29000, Placenta Abnormal,m,"benign,inflammation,atypical,malignant",2
M29001, Placenta Abnormal Immature,m,"benign,inflammation,atypical,malignant",3
M29002, Placenta Abnormal Premature,m,"benign,inflammation,atypical,malignant",4
M29003, Placenta Abnormal Mature,m,"benign,inflammation,atypical,malignant",5
M29004, Placenta Abnormal Postmature,m,"benign,inflammation,atypical,malignant",6
M29040, Placenta Twin Monochorionic Diamniotic,m,"benign,inflammation,atypical,malignant",7
M29050, Placenta Twin Monochorionic Monoamniotic,m,"benign,inflammation,atypical,malignant",8
M29060, Placenta Twin Dichorionic Diamniotic,m,"benign,inflammation,atypical,malignant",9
M29150, Placenta Marginal,m,"benign,inflammation,atypical,malignant",10
M29160, Placenta Velamentous,m,"benign,inflammation,atypical,malignant",11
M29170, Placenta Previa,m,"benign,inflammation,atypical,malignant",12
M29210, Placenta Accreta,m,"benign,inflammation,atypical,malignant",13
M29360, Abruptio Placentae,m,"benign,inflammation,atypical,malignant",14
M29440, Oligohydramnios,m,"benign,inflammation,atypical,malignant",15
M29450, Polyhydramnios,m,"benign,inflammation,atypical,malignant",16
M29460, Amnion Nodosum,m,"benign,inflammation,atypical,malignant",17
M29640, Umbilical Cord Marginal,m,"benign,inflammation,atypical,malignant",18
M29650, Umbilical Cord Velamentous,m,"benign,inflammation,atypical,malignant",19
M29690, Umbilical Cord False Knot,m,"benign,inflammation,atypical,malignant",1
M29700, Umbilical Cord True Knot,m,"benign,inflammation,atypical,malignant",2
M29720, Umbilical Cord Two Vessels,m,"benign,inflammation,atypical,malignant",3
M30000, Calculus,m,"benign,inflammation,atypical,malignant",4
M30400, Foreign Body,m,"benign,inflammation,atypical,malignant",5
M30450, Bezoar,m,"benign,inflammation,atypical,malignant",6
M31050, Prolapse,m,"benign,inflammation,atypical,malignant",7
M31130, Intussusception,m,"benign,inflammation,atypical,malignant",8
M31600, Hernia Nos,m,"benign,inflammation,atypical,malignant",9
M31605, Hernia Strangulated,m,"benign,inflammation,atypical,malignant",10
M31650, Herniated Tissue,m,"benign,inflammation,atypical,malignant",11
M31680, Hernia Sac,m,"benign,inflammation,atypical,malignant",15
M32100, Dilatation,m,"benign,inflammation,atypical,malignant",12
M32200, Distension,m,"benign,inflammation,atypical,malignant",13
M32220, Megacolon,m,"benign,inflammation,atypical,malignant",14
M32400, Aneurysm,m,"benign,inflammation,atypical,malignant",16
M32401, Aneurysm Ruptured,m,"benign,inflammation,atypical,malignant",17
M32470, Aneurysm Dissecting,m,"benign,inflammation,atypical,malignant",18
M32590, Aneurysm False,m,"benign,inflammation,atypical,malignant",19
M32620, Haemorrhoids,m,"benign,inflammation,atypical,malignant",1
M32660, Varicocele,m,"benign,inflammation,atypical,malignant",2
M32700, Diverticulum,m,"benign,inflammation,atypical,malignant",3
M32710, Diverticulosis,m,"benign,inflammation,atypical,malignant",4
M32800, Emphysema,m,"benign,inflammation,atypical,malignant",
M32810, Bullous Emphysema,m,"benign,inflammation,atypical,malignant",
M33000, Stasis,m,"benign,inflammation,atypical,malignant",
M33010, Cast,m,"benign,inflammation,atypical,malignant",
M33030, Hyaline Cast,m,"benign,inflammation,atypical,malignant",
M33050, Mucus Plug,m,"benign,inflammation,atypical,malignant",
M33060, Cholestasis,m,"benign,inflammation,atypical,malignant",
M33070, Comedone,m,"benign,inflammation,atypical,malignant",
M33130, Miliaria,m,"benign,inflammation,atypical,malignant",
M33170, Keratin Plug,m,"benign,inflammation,atypical,malignant",
M33200, Mucocoele,m,"benign,inflammation,atypical,malignant",
M33220, Galactocoele,m,"benign,inflammation,atypical,malignant",
M33300, Hydronephrosis / Hydrosalpinx,m,"benign,inflammation,atypical,malignant",
M33380, Hydrocoele,m,"benign,inflammation,atypical,malignant",
M33400, Cyst Nos,m,"benign,inflammation,atypical,malignant",
M33410, Cyst Epidermal Inclusion,m,"benign,inflammation,atypical,malignant",
M33450, Steatocystoma Multiplex,m,"benign,inflammation,atypical,malignant",
M33470, Cyst Pilar,m,"benign,inflammation,atypical,malignant",
M33490, Pseudocyst,m,"benign,inflammation,atypical,malignant",
M33500, Cyst Follicular,m,"benign,inflammation,atypical,malignant",
M33520, Cyst Corpus Luteum,m,"benign,inflammation,atypical,malignant",
M33540, Cyst Haemorrhagic,m,"benign,inflammation,atypical,malignant",
M33600, Ganglion Cyst,m,"benign,inflammation,atypical,malignant",
M33680, Cyst Mesothelial,m,"benign,inflammation,atypical,malignant",
M33770, Cyst Serous,m,"benign,inflammation,atypical,malignant",
M33790, Cyst Colloid,m,"benign,inflammation,atypical,malignant",
M33800, Polycystic Disease,m,"benign,inflammation,atypical,malignant",
M33960, Pneumatocoele,m,"benign,inflammation,atypical,malignant",
M34000, Obstruction,m,"benign,inflammation,atypical,malignant",
M34100, Stenosis,m,"benign,inflammation,atypical,malignant",
M34160, Stricture,m,"benign,inflammation,atypical,malignant",
M34170, Phimosis,m,"benign,inflammation,atypical,malignant",
M34210, Torsion,m,"benign,inflammation,atypical,malignant",
M34220, Volvulus,m,"benign,inflammation,atypical,malignant",
M35000, Blood Clot,m,"benign,inflammation,atypical,malignant",
M35100, Thrombus (Thrombosis),m,"benign,inflammation,atypical,malignant",
M35300, Embolus Nos,m,"benign,inflammation,atypical,malignant",
M36100, Congestion,m,"benign,inflammation,atypical,malignant",
M36200, Extravasation Nos,m,"benign,inflammation,atypical,malignant",
M36260, Meconium Staining,m,"benign,inflammation,atypical,malignant",
M36300, Effusion,m,"benign,inflammation,atypical,malignant",
M36310, Effusion Serous,m,"benign,inflammation,atypical,malignant",
M36320, Effusion Serofibrinous,m,"benign,inflammation,atypical,malignant",
M36330, Effusion Serosanguineous,m,"benign,inflammation,atypical,malignant",
M6340, Effusion Chylous,m,"benign,inflammation,atypical,malignant",
M6350, Vesicle,m,"benign,inflammation,atypical,malignant",
M6360, Bulla,m,"benign,inflammation,atypical,malignant",
M6500, Oedema,m,"benign,inflammation,atypical,malignant",
M6620, Oedema Intercellular / Spongiosis,m,"benign,inflammation,atypical,malignant",
M7000, Haemorrhage,m,"benign,inflammation,atypical,malignant",
M7050, Peliosis,m,"benign,inflammation,atypical,malignant",
M7100, Haematoma,m,"benign,inflammation,atypical,malignant",
M7300, Purpura,m,"benign,inflammation,atypical,malignant",
M8000, Ulcer,m,"benign,inflammation,atypical,malignant",
M8250, Aphthous Stomatitis,m,"benign,inflammation,atypical,malignant",
M9300, Fistula,m,"benign,inflammation,atypical,malignant",
M9800, Perforation,m,"benign,inflammation,atypical,malignant",
M0, Inflammation Nos,m,"benign,inflammation,atypical,malignant",
M20, Chancre,m,"benign,inflammation,atypical,malignant",
M160, Temporal Arteritis,m,"benign,inflammation,atypical,malignant",
M200, Cellulitis,m,"benign,inflammation,atypical,malignant",
M400, Inflammation Suppurative,m,"benign,inflammation,atypical,malignant",
M460, Pus,m,"benign,inflammation,atypical,malignant",
M590, Pseudomembranous Colitis,m,"benign,inflammation,atypical,malignant",
M600, Inflammation Haemorrhagic,m,"benign,inflammation,atypical,malignant",
M700, Inflammation Necrotizing,m,"benign,inflammation,atypical,malignant",
M40750, Urticarial Vasculitis,m,"benign,inflammation,atypical,malignant",
M760, Vasculitis Necrotizing,m,"benign,inflammation,atypical,malignant",
M1000, Inflammation Acute,m,"benign,inflammation,atypical,malignant",
M1730, Pyoderma Gangrenosum,m,"benign,inflammation,atypical,malignant",
M1740, Abscess,m,"benign,inflammation,atypical,malignant",
M2100, Inflammation Acute and Chronic,m,"benign,inflammation,atypical,malignant",
M3000, Inflammation Chronic,m,"benign,inflammation,atypical,malignant",
M3001, Hepatitis Chronic Lobular,m,"benign,inflammation,atypical,malignant",
M3005, Hepatitis Chronic Active,m,"benign,inflammation,atypical,malignant",
M3006, Hepatitis Chronic Persistent,m,"benign,inflammation,atypical,malignant",
M3180, Malakoplakia,m,"benign,inflammation,atypical,malignant",
M3750, Chondrodermatitis Nodularis Chronica Helicis,m,"benign,inflammation,atypical,malignant",
M4000, Granuloma,m,"benign,inflammation,atypical,malignant",
M4070, Xanthogranulomatous Inflamm,m,"benign,inflammation,atypical,malignant",
M4080, Granuloma Faciale,m,"benign,inflammation,atypical,malignant",
M4140, Granuloma Foreign Body,m,"benign,inflammation,atypical,malignant",
M4200, Inflammation Granulomatous Non-necrotizing,m,"benign,inflammation,atypical,malignant",
M4210, Granuloma Sarcoid,m,"benign,inflammation,atypical,malignant",
M4440, Granuloma Pyogenicum,m,"benign,inflammation,atypical,malignant",
M4700, Inflammation Granulomatous Necrotizing,m,"benign,inflammation,atypical,malignant",
M4900, Necrosis Fibrinoid,m,"benign,inflammation,atypical,malignant",
M4920, Granuloma Annulare,m,"benign,inflammation,atypical,malignant",
M4930, Necrobiosis Lipoidica,m,"benign,inflammation,atypical,malignant",
M4940, Rheumatoid Nodule,m,"benign,inflammation,atypical,malignant",
M5000, Inflammation with Fibrosis,m,"benign,inflammation,atypical,malignant",
M5020, Granulation Tissue,m,"benign,inflammation,atypical,malignant",
M5350, Tenosynovitis Villous,m,"benign,inflammation,atypical,malignant",
M5600, Inflammation with Fat Necrosis,m,"benign,inflammation,atypical,malignant",
M5620, Erythema Nodosum,m,"benign,inflammation,atypical,malignant",
M5810, Thyroiditis Hashimoto's,m,"benign,inflammation,atypical,malignant",
M6300, Inflammation with Fistula Perforation,m,"benign,inflammation,atypical,malignant",
M6340, Sinus Tract,m,"benign,inflammation,atypical,malignant",
M6350, Pilonidal Sinus,m,"benign,inflammation,atypical,malignant",
M6360, Fissure,m,"benign,inflammation,atypical,malignant",
M6420, Diverticulitis,m,"benign,inflammation,atypical,malignant",
M6520, Hydradenitis Suppurativa,m,"benign,inflammation,atypical,malignant",
M6540, Acne,m,"benign,inflammation,atypical,malignant",
M6620, Acne Rosacea,m,"benign,inflammation,atypical,malignant",
M6770, Fasciitis Proliferative,m,"benign,inflammation,atypical,malignant",
M6780, Myositis Proliferative,m,"benign,inflammation,atypical,malignant",
M6810, Glomerulonephritis Proliferative,m,"benign,inflammation,atypical,malignant",
M6840, Glomerulonephritis Membranoproliferative,m,"benign,inflammation,atypical,malignant",
M6860, Glomerulonephritis Mesangial Proliferative,m,"benign,inflammation,atypical,malignant",
M6870, Glomerulonephritis Endocapillary Proliferative,m,"benign,inflammation,atypical,malignant",
M6880, Glomerulonephritis Crescentic,m,"benign,inflammation,atypical,malignant",
M7110, Postoperative Neutrophil Infiltrate,m,"benign,inflammation,atypical,malignant",
M7150, Eosinophilic Infiltrate,m,"benign,inflammation,atypical,malignant",
M7170, Lymphocytic Infiltrate,m,"benign,inflammation,atypical,malignant",
M7180, Histiocytic Infiltrate,m,"benign,inflammation,atypical,malignant",
M7200, Plasma Cell Infiltrate,m,"benign,inflammation,atypical,malignant",
M7210, Balanitis Circumscripta Plasmacellularis,m,"benign,inflammation,atypical,malignant",
M7250, Jessner's Lymphocytic Infiltrate,m,"benign,inflammation,atypical,malignant",
M7400, Folliculitis,m,"benign,inflammation,atypical,malignant",
M7600, Dermatitis Contact,m,"benign,inflammation,atypical,malignant",
M7710, Polymyositis,m,"benign,inflammation,atypical,malignant",
M7830, Giant Cell Tumour of Tendon Sheath / PVNS,m,"benign,inflammation,atypical,malignant",
M7870, Hepatitis Giant Cell,m,"benign,inflammation,atypical,malignant",
M8000, Dermatitis Chronic,m,"benign,inflammation,atypical,malignant",
M8010, Dermatitis Stasis,m,"benign,inflammation,atypical,malignant",
M48050, Lichenoid Inflammation,m,"benign,inflammation,atypical,malignant",
M8070, Pompholox,m,"benign,inflammation,atypical,malignant",
M48100, Eczema,m,"benign,inflammation,atypical,malignant",
M8120, Lichen Simplex Chronicus,m,"benign,inflammation,atypical,malignant",
M8130, Prurigo Nodularis,m,"benign,inflammation,atypical,malignant",
M8200, Erythroderma Generalized,m,"benign,inflammation,atypical,malignant",
M8400, Erythema,m,"benign,inflammation,atypical,malignant",
M8410, Erythema Annulare Centrifugum,m,"benign,inflammation,atypical,malignant",
M8430, Erythema Chronicum Migrans,m,"benign,inflammation,atypical,malignant",
M8450, Erythema Gyratum,m,"benign,inflammation,atypical,malignant",
M8490, Erythema Dyschromium Perstans,m,"benign,inflammation,atypical,malignant",
M8510, Sweet's Disease,m,"benign,inflammation,atypical,malignant",
M8520, Pityriasis Lichenoides et Varioliformis Acuta,m,"benign,inflammation,atypical,malignant",
M8530, Erythema Elevatum Diutinum,m,"benign,inflammation,atypical,malignant",
M8540, Drug Eruption,m,"benign,inflammation,atypical,malignant",
M8560, Erythema Multiforme,m,"benign,inflammation,atypical,malignant",
M8610, Pigmented Purpuric Lichenoid Dermatitis,m,"benign,inflammation,atypical,malignant",
M8620, Scalded Skin Syndrome,m,"benign,inflammation,atypical,malignant",
M8690, Necrolytic Migratory Erythema,m,"benign,inflammation,atypical,malignant",
M8820, Dermatitis Seborrhoeic,m,"benign,inflammation,atypical,malignant",
M8840, Psoriasis,m,"benign,inflammation,atypical,malignant",
M8880, Pityriasis Rosea,m,"benign,inflammation,atypical,malignant",
M8890, Lichen Planus,m,"benign,inflammation,atypical,malignant",
M48900, Lichenoid Keratosis,m,"benign,inflammation,atypical,malignant",
M8910, Lichen Nitidus,m,"benign,inflammation,atypical,malignant",
M8930, Parapsoriasis,m,"benign,inflammation,atypical,malignant",
M8960, Pityriasis Lichenoides Chronica,m,"benign,inflammation,atypical,malignant",
M8980, Pityriasis Rubra Pilaris,m,"benign,inflammation,atypical,malignant",
M9000, Fibrosis / Sclerosis,m,"benign,inflammation,atypical,malignant",
M9020, Sclerosis Fibrous,m,"benign,inflammation,atypical,malignant",
M49060, Scar,m,"benign,inflammation,atypical,malignant",
M9400, Adhesion,m,"benign,inflammation,atypical,malignant",
M9500, Cirrhosis Nos,m,"benign,inflammation,atypical,malignant",
M9510, Cirrhosis Micronodular,m,"benign,inflammation,atypical,malignant",
M9520, Cirrhosis Macronodular,m,"benign,inflammation,atypical,malignant",
M9530, Cirrhosis Mixed Micro and Macronodular,m,"benign,inflammation,atypical,malignant",
M9540, Cirrhosis Incomplete Septal,m,"benign,inflammation,atypical,malignant",
M9580, Cirrhosis Biliary,m,"benign,inflammation,atypical,malignant",
M9590, Cirrhosis Primary Biliary,m,"benign,inflammation,atypical,malignant",
M9610, Fibrosis Pipestem - Liver,m,"benign,inflammation,atypical,malignant",
M9620, Fibrosis Septal Liver,m,"benign,inflammation,atypical,malignant",
M9660, Alcoholic Cirrhosis,m,"benign,inflammation,atypical,malignant",
M9680, Cirrhosis Post Necrotic,m,"benign,inflammation,atypical,malignant",
M9690, Cirrhosis Post Hepatitic,m,"benign,inflammation,atypical,malignant",
M9710, Pterygium,m,"benign,inflammation,atypical,malignant",
M9720, Keloid,m,"benign,inflammation,atypical,malignant",
M9730, Hypertrophic Scar,m,"benign,inflammation,atypical,malignant",
M9770, Neuroma Traumatic,m,"benign,inflammation,atypical,malignant",
M9910, Osteosclerosis,m,"benign,inflammation,atypical,malignant",
M9920, Callus Bony,m,"benign,inflammation,atypical,malignant",
M0010, Elastosis Solar,m,"benign,inflammation,atypical,malignant",
M0080, Fatty Liver,m,"benign,inflammation,atypical,malignant",
M1100, Cataract,m,"benign,inflammation,atypical,malignant",
M1550, Epidermolysis,m,"benign,inflammation,atypical,malignant",
M1570, Acantholysis,m,"benign,inflammation,atypical,malignant",
M1580, Keratolysis,m,"benign,inflammation,atypical,malignant",
M2100, Atheroma,m,"benign,inflammation,atypical,malignant",
M2110, Atherosclerosis,m,"benign,inflammation,atypical,malignant",
M2200, Arteriolosclerosis,m,"benign,inflammation,atypical,malignant",
M3150, Acute Tubular Necrosis,m,"benign,inflammation,atypical,malignant",
M3160, Minimal Change Glomerulonephritis,m,"benign,inflammation,atypical,malignant",
M3300, Glomerulosclerosis,m,"benign,inflammation,atypical,malignant",
M3301, Glomerulosclerosis Focal,m,"benign,inflammation,atypical,malignant",
M3302, Glomerulosclerosis Advanced,m,"benign,inflammation,atypical,malignant",
M3320, Nodular Glomerulosclerosis,m,"benign,inflammation,atypical,malignant",
M3340, Glomerulosclerosis segmental,m,"benign,inflammation,atypical,malignant",
M3341, Glomerulosclerosis Focal Segmental,m,"benign,inflammation,atypical,malignant",
M3351, Glomerulosclerosis Focal Sclerosing with Hyalinosis,m,"benign,inflammation,atypical,malignant",
M4000, Necrosis Nos,m,"benign,inflammation,atypical,malignant",
M4070, Necrosis Bridging,m,"benign,inflammation,atypical,malignant",
M4080, Necrosis Caseous,m,"benign,inflammation,atypical,malignant",
M4090, Necrosis Fibrinoid,m,"benign,inflammation,atypical,malignant",
M4110, Fat Necrosis and Steatohepatitis,m,"benign,inflammation,atypical,malignant",
M4120, Necrosis Periportal,m,"benign,inflammation,atypical,malignant",
M4140, Necrosis Piecemeal,m,"benign,inflammation,atypical,malignant",
M4310, Autolysis,m,"benign,inflammation,atypical,malignant",
M4600, Gangrene,m,"benign,inflammation,atypical,malignant",
M4700, Infarction Nos,m,"benign,inflammation,atypical,malignant",
M5020, Hyaline Membrane,m,"benign,inflammation,atypical,malignant",
M5070, Gouty Tophus,m,"benign,inflammation,atypical,malignant",
M5100, Amyloid,m,"benign,inflammation,atypical,malignant",
M5140, Amyloid Cutaneous Macular,m,"benign,inflammation,atypical,malignant",
M5150, Amyloid Cutaneous Nodular,m,"benign,inflammation,atypical,malignant",
M5180, Amyloid Lichen Amyloidosus,m,"benign,inflammation,atypical,malignant",
M5300, Xanthoma,m,"benign,inflammation,atypical,malignant",
M5370, Xanthelasma,m,"benign,inflammation,atypical,malignant",
M5380, Xanthogranuloma Juvenile,m,"benign,inflammation,atypical,malignant",
M5400, Calcification,m,"benign,inflammation,atypical,malignant",
M5500, Calcinosis Cutis,m,"benign,inflammation,atypical,malignant",
M5590, Psammoma Bodies,m,"benign,inflammation,atypical,malignant",
M5690, Myxedema,m,"benign,inflammation,atypical,malignant",
M5700, Deposition of Foreign Material,m,"benign,inflammation,atypical,malignant",
M5930, Tattoo,m,"benign,inflammation,atypical,malignant",
M6750, Ingrown Nail,m,"benign,inflammation,atypical,malignant",
M6840, Anetoderma,m,"benign,inflammation,atypical,malignant",
M6890, Pseudoxanthoma Elasticum,m,"benign,inflammation,atypical,malignant",
M7000, Pigment Nos,m,"benign,inflammation,atypical,malignant",
M7120, Hypopigmentation,m,"benign,inflammation,atypical,malignant",
M7160, Vitiligo,m,"benign,inflammation,atypical,malignant",
M7170, Hyperpigmentation,m,"benign,inflammation,atypical,malignant",
M7210, Melanosis,m,"benign,inflammation,atypical,malignant",
M57240, Solar Lentigo,m,"benign,inflammation,atypical,malignant",
M7250, Lentigo Simplex,m,"benign,inflammation,atypical,malignant",
M7260, Ephelis (Freckle),m,"benign,inflammation,atypical,malignant",
M7270, Cafe Au Lait Spot,m,"benign,inflammation,atypical,malignant",
M7280, Chloasma,m,"benign,inflammation,atypical,malignant",
M7330, Acanthosis Nigricans,m,"benign,inflammation,atypical,malignant",
M7340, Incontinentia Pigmenti,m,"benign,inflammation,atypical,malignant",
M7500, Haemosiderin Deposition,m,"benign,inflammation,atypical,malignant",
M7740, Melanosis Coli / Lipofuschin,m,"benign,inflammation,atypical,malignant",
M8000, Atrophy,m,"benign,inflammation,atypical,malignant",
M8240, Lichen Sclerosus / BXO,m,"benign,inflammation,atypical,malignant",
M8600, Alopecia,m,"benign,inflammation,atypical,malignant",
M58605, Alopecia Telogen Effluvium,m,"benign,inflammation,atypical,malignant",
M8610, Alopecia Areata,m,"benign,inflammation,atypical,malignant",
M58620, Alopecia Androgenetic,m,"benign,inflammation,atypical,malignant",
M58720, Alopecia Lupus,m,"benign,inflammation,atypical,malignant",
M58730, Alopecia Lichen Plano Pilaris,m,"benign,inflammation,atypical,malignant",
M8740, Alopecia Scarring,m,"benign,inflammation,atypical,malignant",
M8750, Pseudopelade of Brocq,m,"benign,inflammation,atypical,malignant",
M8790, Alopecia Mucinosa Follicular Mucinosis,m,"benign,inflammation,atypical,malignant",
M8810, Alopecia Traction,m,"benign,inflammation,atypical,malignant",
M5000, Dyskaryosis,m,"benign,inflammation,atypical,malignant",
M8110, Basement Membrane Fragmentation,m,"benign,inflammation,atypical,malignant",
M8120, Basement Membrane Thickening,m,"benign,inflammation,atypical,malignant",
M8130, Glomerulonephritis Membranous,m,"benign,inflammation,atypical,malignant",
M8140, Basement Membrane Duplication,m,"benign,inflammation,atypical,malignant",
M9090, Gliosis Alzheimer Type Ii,m,"benign,inflammation,atypical,malignant",
M9470, Koilocytosis (Perinuclear Halo),m,"benign,inflammation,atypical,malignant",
M9710, Atypia Mild,m,"benign,inflammation,atypical,malignant",
M9720, Atypia Moderate,m,"benign,inflammation,atypical,malignant",
M9730, Atypia Severe,m,"benign,inflammation,atypical,malignant",
M9760, Atypia Suspicious for Malignancy,m,"benign,inflammation,atypical,malignant",
M9780, Inflammatory Smear,m,"benign,inflammation,atypical,malignant",
M1000, Hypertrophy,m,"benign,inflammation,atypical,malignant",
M1430, Osteophyte,m,"benign,inflammation,atypical,malignant",
M1440, Exostosis,m,"benign,inflammation,atypical,malignant",
M1600, Goiter Multinodular,m,"benign,inflammation,atypical,malignant",
M1602, Goitre Nodular,m,"benign,inflammation,atypical,malignant",
M2000, Hyperplasia,m,"benign,inflammation,atypical,malignant",
M2005, Hyperplasia Atypical,m,"benign,inflammation,atypical,malignant",
M2020, Reactive Endocervical Cells,m,"benign,inflammation,atypical,malignant",
M2030, Hyperplasia Nodular Regenerative,m,"benign,inflammation,atypical,malignant",
M2031, Hyperplasia Focal Nodular,m,"benign,inflammation,atypical,malignant",
M2037, Partial Nodular Transformation,m,"benign,inflammation,atypical,malignant",
M2040, Polyp Hyperplastic,m,"benign,inflammation,atypical,malignant",
M2050, Hyperplasia Papillary,m,"benign,inflammation,atypical,malignant",
M2060, Hyperplasia Cystic,m,"benign,inflammation,atypical,malignant",
M2090, Hyperplasia Pseudoepitheliomatous,m,"benign,inflammation,atypical,malignant",
M2100, Hyperplasia Lobular,m,"benign,inflammation,atypical,malignant",
M2170, Hyperplasia Duct Epithelial,m,"benign,inflammation,atypical,malignant",
M2200, Hyperplasia Lymphoid,m,"benign,inflammation,atypical,malignant",
M2230, Lymphomatoid Papulosis,m,"benign,inflammation,atypical,malignant",
M2240, Lymphoepithelial Lesion Benign,m,"benign,inflammation,atypical,malignant",
M2260, Castleman's Disease / Kimura's,m,"benign,inflammation,atypical,malignant",
M2280, Lymphadenopathy Angioimmunoblastic,m,"benign,inflammation,atypical,malignant",
M2290, Pseudolymphoma,m,"benign,inflammation,atypical,malignant",
M2420, Hyperplasia Adenomatous,m,"benign,inflammation,atypical,malignant",
M2425, Hyperplasia Adenomatous Atypical,m,"benign,inflammation,atypical,malignant",
M2430, Hyperplasia Stromal,m,"benign,inflammation,atypical,malignant",
M2440, Hyperplasia Adenomyomatous,m,"benign,inflammation,atypical,malignant",
M2450, Hyperplasia Stromal and Glandular,m,"benign,inflammation,atypical,malignant",
M2480, Hyperplasia Microglandular,m,"benign,inflammation,atypical,malignant",
M2500, Hyperplasia Sebaceous Gland,m,"benign,inflammation,atypical,malignant",
M2530, Acanthoma Clear Cell,m,"benign,inflammation,atypical,malignant",
M2595, Hyperplasia Atypical Melanocytic,m,"benign,inflammation,atypical,malignant",
M2600, Hyperkeratosis (Keratosis),m,"benign,inflammation,atypical,malignant",
M2610, Kyrle's Disease,m,"benign,inflammation,atypical,malignant",
M2710, Acanthosis,m,"benign,inflammation,atypical,malignant",
M2740, Clavus (Corn),m,"benign,inflammation,atypical,malignant",
M2750, Seborrhoeic Keratosis,m,"benign,inflammation,atypical,malignant",
M2790, Acrokeratosis Verruciformis,m,"benign,inflammation,atypical,malignant",
M2830, Leucoplakia,m,"benign,inflammation,atypical,malignant",
M2840, Cutaneous Horn,m,"benign,inflammation,atypical,malignant",
M2850, Actinic Keratosis,m,"benign,inflammation,atypical,malignant",
M2860, Keratoacanthoma,m,"benign,inflammation,atypical,malignant",
M2900, Cholesteatoma,m,"benign,inflammation,atypical,malignant",
M2920, Inverted Follicular Keratosis,m,"benign,inflammation,atypical,malignant",
M2930, Keratosis Palmaris Et Plantaris,m,"benign,inflammation,atypical,malignant",
M2940, Porokeratosis,m,"benign,inflammation,atypical,malignant",
M3000, Metaplasia Nos,m,"benign,inflammation,atypical,malignant",
M73020, Luteinization,m,"benign,inflammation,atypical,malignant",
M73030, Thecal Change,m,"benign,inflammation,atypical,malignant",
M73040, Hyperthecosis,m,"benign,inflammation,atypical,malignant",
M73050, Metaplasia Hurthle Cell / Oxyphilic,m,"benign,inflammation,atypical,malignant",
M73220, Metaplasia Squamous,m,"benign,inflammation,atypical,malignant",
M73260, Metaplasia Transitional,m,"benign,inflammation,atypical,malignant",
M73300, Metaplasia Glandular,m,"benign,inflammation,atypical,malignant",
M73310, Metaplasia Apocrine,m,"benign,inflammation,atypical,malignant",
M73320, Metaplasia Intestinal,m,"benign,inflammation,atypical,malignant",
M73330, Metaplasia Gastric / Barrett's,m,"benign,inflammation,atypical,malignant",
M73400, Metaplasia Osseous,m,"benign,inflammation,atypical,malignant",
M73500, Haematopoiesis Extramedullary,m,"benign,inflammation,atypical,malignant",
M73600, Metaplasia Cartilagenous,m,"benign,inflammation,atypical,malignant",
M74000, Dysplasia Nos / CIN (ungradable),m,"benign,inflammation,atypical,malignant",
M74006, CIN 1 (Dysplasia Mild),m,"benign,inflammation,atypical,malignant",
M74007, CIN 2 (Dysplasia Moderate),m,"benign,inflammation,atypical,malignant",
M74008, CIN 3 (Dysplasia Severe),m,"benign,inflammation,atypical,malignant",
M74009, Dysplasia Severe/in-situ,m,"benign,inflammation,atypical,malignant",
M74010, Dyskeratosis,m,"benign,inflammation,atypical,malignant",
M74030, Parakeratosis,m,"benign,inflammation,atypical,malignant",
M74040, Xeroderma Pigmentosum,m,"benign,inflammation,atypical,malignant",
M74070, Perforating Collagenosis,m,"benign,inflammation,atypical,malignant",
M74100, Lipomatosis,m,"benign,inflammation,atypical,malignant",
M74220, Adenosis Sclerosing,m,"benign,inflammation,atypical,malignant",
M74320, Fibrocystic Disease,m,"benign,inflammation,atypical,malignant",
M74410, Ichthyosis,m,"benign,inflammation,atypical,malignant",
M74440, Keratosis Follicularis (Darier's Disease),m,"benign,inflammation,atypical,malignant",
M74450, Dyskeratoma Warty,m,"benign,inflammation,atypical,malignant",
M74850, Angiodysplasia,m,"benign,inflammation,atypical,malignant",
M74910, Dysplasia Fibrous,m,"benign,inflammation,atypical,malignant",
M74940, Fibroma Non-ossifying,m,"benign,inflammation,atypical,malignant",
M75300, Hypoplasia Nos,m,"benign,inflammation,atypical,malignant",
M75400, Aplasia,m,"benign,inflammation,atypical,malignant",
M75500, Hamartoma,m,"benign,inflammation,atypical,malignant",
M75530, Connective Tissue Naevus,m,"benign,inflammation,atypical,malignant",
M75630, Polyp Hamartomatous,m,"benign,inflammation,atypical,malignant",
M75640, Polyp Juvenile,m,"benign,inflammation,atypical,malignant",
M75700, Naevus Epidermal Nos,m,"benign,inflammation,atypical,malignant",
M75730, Sebaceoma,m,"benign,inflammation,atypical,malignant",
M75740, Naevus Linear Epidermal,m,"benign,inflammation,atypical,malignant",
M75750, Naevus Sebaceus of Jadassohn,m,"benign,inflammation,atypical,malignant",
M75760, Naevus Lipomatosus Superficialis,m,"benign,inflammation,atypical,malignant",
M75950, Megaloblastic Marrow,m,"benign,inflammation,atypical,malignant",
M76000, Proliferation Nos,m,"benign,inflammation,atypical,malignant",
M76100, Fibromatosis Nos,m,"benign,inflammation,atypical,malignant",
M76120, Contracture Dupuytren's,m,"benign,inflammation,atypical,malignant",
M76130, Fasciitis Nodular,m,"benign,inflammation,atypical,malignant",
M76150, Fibroma Calcifying Aponeurotic,m,"benign,inflammation,atypical,malignant",
M76220, Fibromatosis Infantile Digital,m,"benign,inflammation,atypical,malignant",
M76300, Telangiectasia,m,"benign,inflammation,atypical,malignant",
M76310, Haemangiomatosis,m,"benign,inflammation,atypical,malignant",
M76330, Spider Nevus (Angioma),m,"benign,inflammation,atypical,malignant",
M76410, Lymphangiomatosis,m,"benign,inflammation,atypical,malignant",
M76500, Endometriosis,m,"benign,inflammation,atypical,malignant",
M76510, Adenomyosis,m,"benign,inflammation,atypical,malignant",
M76560, Endosalpingiosis,m,"benign,inflammation,atypical,malignant",
M76620, Verruca Plana,m,"benign,inflammation,atypical,malignant",
M76630, Verucca Vulgaris / Wart,m,"benign,inflammation,atypical,malignant",
M76660, Molluscum Contagiosum,m,"benign,inflammation,atypical,malignant",
M76720, Condyloma Acuminatum,m,"benign,inflammation,atypical,malignant",
M76740, Giant Condyloma of Buschke and Lowenstein,m,"benign,inflammation,atypical,malignant",
M76800, Polyp Nos,m,"benign,inflammation,atypical,malignant",
M76810, Polyp Fibroepithelial,m,"benign,inflammation,atypical,malignant",
M76820, Polyp Inflammatory,m,"benign,inflammation,atypical,malignant",
M76830, Polyp Inflammatory Fibroid,m,"benign,inflammation,atypical,malignant",
M76890, Inflammatory Pseudotumour,m,"benign,inflammation,atypical,malignant",
M76900, Polyposis,m,"benign,inflammation,atypical,malignant",
M77800, Histiocytosis,m,"benign,inflammation,atypical,malignant",
M77910, Histiocytosis X,m,"benign,inflammation,atypical,malignant",
M77920, Hand-Schuller-Christian Disease,m,"benign,inflammation,atypical,malignant",
M79310, Endometrium Proliferative,m,"benign,inflammation,atypical,malignant",
M79320, Endometrium Secretory,m,"benign,inflammation,atypical,malignant",
M79330, Endometrium Menstrual,m,"benign,inflammation,atypical,malignant",
M79340, Endometrium Anovulatory Cycle,m,"benign,inflammation,atypical,malignant",
M79360, Endometrium Inactive,m,"benign,inflammation,atypical,malignant",
M79370, Endometrium Atrophic,m,"benign,inflammation,atypical,malignant",
M79410, Gestational Endometriium,m,"benign,inflammation,atypical,malignant",
M79420, Endometritis Syncytial,m,"benign,inflammation,atypical,malignant",
M79430, Arias-stella Effect,m,"benign,inflammation,atypical,malignant",
M79440, Endometrium Hypersecretory,m,"benign,inflammation,atypical,malignant",
M79450, Endometrium of DU Bleeding,m,"benign,inflammation,atypical,malignant",
M79500, Decidual Change,m,"benign,inflammation,atypical,malignant",
M79510, Decidual Fragments,m,"benign,inflammation,atypical,malignant",
M79550, Decidual Cast,m,"benign,inflammation,atypical,malignant",
M79680, Pregnancy Luteoma,m,"benign,inflammation,atypical,malignant",
M79690, Corpus Luteum of Pregnancy,m,"benign,inflammation,atypical,malignant",
M79900, Regeneration,m,"benign,inflammation,atypical,malignant",
M80000, Neoplasm Benign,m,"benign,inflammation,atypical,malignant",
M80001, Neoplasm Uncertain Malignant Potential,m,"benign,inflammation,atypical,malignant",
M80003, Neoplasm Malignant,m,"benign,inflammation,atypical,malignant",
M80006, Tumour Metastatic,m,"benign,inflammation,atypical,malignant",
M80009, Neoplasm Malignant ?Primary/?Metastatic,m,"benign,inflammation,atypical,malignant",
M80010, Tumour Cells Benign,m,"benign,inflammation,atypical,malignant",
M80011, Tumour Cells,m,"benign,inflammation,atypical,malignant",
M80013, Tumour Cells Malignant,m,"benign,inflammation,atypical,malignant",
M80023, Malignant Tumour Small Cell Type,m,"benign,inflammation,atypical,malignant",
M80033, Malignant Tumour Giant Cell Type,m,"benign,inflammation,atypical,malignant",
M80043, Malignant Tumour Spindle Cell Type,m,"benign,inflammation,atypical,malignant",
M80059, Tumour Thrombus Vascular,m,"benign,inflammation,atypical,malignant",
M80069, Tumour Thrombus Lymphatic,m,"benign,inflammation,atypical,malignant",
M80100, Epithelial Tumour Benign,m,"benign,inflammation,atypical,malignant",
M80102, Carcinoma-in-situ,m,"benign,inflammation,atypical,malignant",
M80103, Carcinoma Nos,m,"benign,inflammation,atypical,malignant",
M80106, Carcinoma Metastatic,m,"benign,inflammation,atypical,malignant",
M80109, Carcinomatosis,m,"benign,inflammation,atypical,malignant",
M80123, Carcinoma Large Cell,m,"benign,inflammation,atypical,malignant",
M80203, Carcinoma Undifferentiated,m,"benign,inflammation,atypical,malignant",
M80213, Carcinoma Anaplastic,m,"benign,inflammation,atypical,malignant",
M80303, Carcinoma Giant Cell and Spindle Cell,m,"benign,inflammation,atypical,malignant",
M80313, Carcinoma Giant Cell,m,"benign,inflammation,atypical,malignant",
M80323, Carcinoma Spindle Cell,m,"benign,inflammation,atypical,malignant",
M80333, Carcinoma Pseudosarcomatous,m,"benign,inflammation,atypical,malignant",
M80401, Tumourlet,m,"benign,inflammation,atypical,malignant",
M80413, Carcinoma Small Cell,m,"benign,inflammation,atypical,malignant",
M80416, Carcinoma Metatstatic Small Cell,m,"benign,inflammation,atypical,malignant",
M80423, Carcinoma Oat Cell,m,"benign,inflammation,atypical,malignant",
M80426, Carcinoma Metastatic Oat,m,"benign,inflammation,atypical,malignant",
M80500, Papilloma,m,"benign,inflammation,atypical,malignant",
M80502, Carcinoma Papillary In-situ,m,"benign,inflammation,atypical,malignant",
M80503, Carcinoma Papillary,m,"benign,inflammation,atypical,malignant",
M80513, Carcinoma Verrucous,m,"benign,inflammation,atypical,malignant",
M80520, Papilloma Squamous,m,"benign,inflammation,atypical,malignant",
M80530, Papilloma Inverted,m,"benign,inflammation,atypical,malignant",
M80600, Papillomatosis,m,"benign,inflammation,atypical,malignant",
M80702, Carcinoma Squamous Cell In-situ,m,"benign,inflammation,atypical,malignant",
M80703, Carcinoma Squamous Cell,m,"benign,inflammation,atypical,malignant",
M80706, Carcinoma Squamous Cell Metastatic,m,"benign,inflammation,atypical,malignant",
M80715, Carcinoma Squamous Cell Microinvasive,m,"benign,inflammation,atypical,malignant",
M80812, Bowens Disease,m,"benign,inflammation,atypical,malignant",
M80823, Carcinoma Anaplastic Nasopharyngeal,m,"benign,inflammation,atypical,malignant",
M80903, Carcinoma Basal Cell,m,"benign,inflammation,atypical,malignant",
M80913, Carcinoma Multicentric Basal Cell,m,"benign,inflammation,atypical,malignant",
M80923, Carcinoma Basal Cell Morphea Type,m,"benign,inflammation,atypical,malignant",
M80933, Carcinoma Basal Cell Fibroepithelial Type,m,"benign,inflammation,atypical,malignant",
M80943, Carcinoma Basosquamous,m,"benign,inflammation,atypical,malignant",
M80953, Carcinoma Metatypical,m,"benign,inflammation,atypical,malignant",
M80960, Intraepidermal Epithelioma of Jadassohn,m,"benign,inflammation,atypical,malignant",
M81000, Trichoepithelioma,m,"benign,inflammation,atypical,malignant",
M81010, Trichofolliculoma,m,"benign,inflammation,atypical,malignant",
M81020, Trichilemmoma,m,"benign,inflammation,atypical,malignant",
M81030, Trichoblastoma,m,"benign,inflammation,atypical,malignant",
M81100, Pilomatrixoma,m,"benign,inflammation,atypical,malignant",
M81200, Papilloma Transitional Cell,m,"benign,inflammation,atypical,malignant",
M81202, Carcinoma In-situ Transitional Cell,m,"benign,inflammation,atypical,malignant",
M81203, Carcinoma Transitional Cell,m,"benign,inflammation,atypical,malignant",
M81233, Carcinoma Basaloid,m,"benign,inflammation,atypical,malignant",
M81243, Carcinoma Cloacogenic,m,"benign,inflammation,atypical,malignant",
M81306, Carcinoma Tcc Metastatic,m,"benign,inflammation,atypical,malignant",
M81400, Adenoma,m,"benign,inflammation,atypical,malignant",
M81402, Adenocarcinoma In-situ,m,"benign,inflammation,atypical,malignant",
M81403, Adenocarcinoma,m,"benign,inflammation,atypical,malignant",
M81406, Adenocarcinoma Metastatic,m,"benign,inflammation,atypical,malignant",
M81423, Linitis Plastica,m,"benign,inflammation,atypical,malignant",
M81443, Adenocarcinoma Intestinal Type,m,"benign,inflammation,atypical,malignant",
M81460, Adenoma Monomorphic,m,"benign,inflammation,atypical,malignant",
M81470, Adenoma Basal Cell,m,"benign,inflammation,atypical,malignant",
M81500, Islet Cell Tumour,m,"benign,inflammation,atypical,malignant",
M81503, Carcinoma Islet Cell,m,"benign,inflammation,atypical,malignant",
M81510, Insulinoma,m,"benign,inflammation,atypical,malignant",
M81513, Insulinoma Malignant,m,"benign,inflammation,atypical,malignant",
M81520, Glucagonoma,m,"benign,inflammation,atypical,malignant",
M81523, Glucagonoma Malignant,m,"benign,inflammation,atypical,malignant",
M81530, Gastrinoma,m,"benign,inflammation,atypical,malignant",
M81533, Gastrinoma Malignant,m,"benign,inflammation,atypical,malignant",
M81600, Adenoma Bile Duct,m,"benign,inflammation,atypical,malignant",
M81610, Cystadenoma Biliary,m,"benign,inflammation,atypical,malignant",
M81613, Cystadenocarcinoma Biliary,m,"benign,inflammation,atypical,malignant",
M81700, Adenoma Hepatocellular,m,"benign,inflammation,atypical,malignant",
M81703, Carcinoma Hepatocellular,m,"benign,inflammation,atypical,malignant",
M81706, Carcinoma Hepatocellular Metastatic,m,"benign,inflammation,atypical,malignant",
M81713, Carcinoma Hepatocellular Fibrolamellar,m,"benign,inflammation,atypical,malignant",
M81800, Hepatocholangioma Benign,m,"benign,inflammation,atypical,malignant",
M81803, Hepatocellular and Cholangiocarcinoma,m,"benign,inflammation,atypical,malignant",
M81900, Adenoma Trabecular,m,"benign,inflammation,atypical,malignant",
M81903, Merkel Cell Tumour,m,"benign,inflammation,atypical,malignant",
M81910, Adenoma Embryonal,m,"benign,inflammation,atypical,malignant",
M82000, Dermal Eccrine Cylindroma,m,"benign,inflammation,atypical,malignant",
M82003, Carcinoma Adenoid Cystic / Cylindroma,m,"benign,inflammation,atypical,malignant",
M82013, Carcinoma Cribriform,m,"benign,inflammation,atypical,malignant",
M82100, Polyp Adenomatous,m,"benign,inflammation,atypical,malignant",
M82103, Adenocarcinoma in Tubular Adenoma,m,"benign,inflammation,atypical,malignant",
M82110, Adenoma Tubular,m,"benign,inflammation,atypical,malignant",
M82113, Carcinoma Tubular,m,"benign,inflammation,atypical,malignant",
M82200, Adenomatous Polyposis Coli,m,"benign,inflammation,atypical,malignant",
M82203, Adenocarcinoma in Adenomatous Polyposis Coli,m,"benign,inflammation,atypical,malignant",
M82210, Multiple Adenomatous Polyps,m,"benign,inflammation,atypical,malignant",
M82401, Carcinoid Tumour,m,"benign,inflammation,atypical,malignant",
M82403, Carcinoid Tumour Malignant,m,"benign,inflammation,atypical,malignant",
M82406, Carcinoid Metastatic,m,"benign,inflammation,atypical,malignant",
M82411, Neuroendocrine Neoplasm Low Grade,m,"benign,inflammation,atypical,malignant",
M82412, Neuroendocrine Neoplasm Intermed Grade,m,"benign,inflammation,atypical,malignant",
M82413, Neuroendocrine Neoplasm High Grade,m,"benign,inflammation,atypical,malignant",
M82433, Carcinoid Tumour Goblet Cell,m,"benign,inflammation,atypical,malignant",
M82443, Composite Carcinoid,m,"benign,inflammation,atypical,malignant",
M82501, Pulmonary Adenomatosis,m,"benign,inflammation,atypical,malignant",
M82503, Adenocarcinoma Bronchiolo-alveolar,m,"benign,inflammation,atypical,malignant",
M82510, Adenoma Alveolar,m,"benign,inflammation,atypical,malignant",
M82513, Carcinoma Alveolar,m,"benign,inflammation,atypical,malignant",
M82600, Adenoma Papillary,m,"benign,inflammation,atypical,malignant",
M82603, Adenocarcinoma Papillary,m,"benign,inflammation,atypical,malignant",
M82611, Adenoma Villous,m,"benign,inflammation,atypical,malignant",
M82613, Adenocarcinoma in Villous Adenoma,m,"benign,inflammation,atypical,malignant",
M82623, Adenocarcinoma Villous,m,"benign,inflammation,atypical,malignant",
M82630, Adenoma Tubulovillous,m,"benign,inflammation,atypical,malignant",
M82700, Adenoma Chromophobe,m,"benign,inflammation,atypical,malignant",
M82703, Carcinoma Chromophobe,m,"benign,inflammation,atypical,malignant",
M82900, Adenoma Hurthle Cell,m,"benign,inflammation,atypical,malignant",
M82903, Carcinoma Hurthle Cell,m,"benign,inflammation,atypical,malignant",
M83100, Adenoma Clear Cell,m,"benign,inflammation,atypical,malignant",
M83103, Carcinoma Clear Cell,m,"benign,inflammation,atypical,malignant",
M83111, Hypernephroid Tumour,m,"benign,inflammation,atypical,malignant",
M83123, Carcinoma Renal Cell (Hypernephroma),m,"benign,inflammation,atypical,malignant",
M83130, Adenofibroma Clear Cell,m,"benign,inflammation,atypical,malignant",
M83203, Carcinoma Granular Cell,m,"benign,inflammation,atypical,malignant",
M83210, Adenoma Chief Cell,m,"benign,inflammation,atypical,malignant",
M83220, Adenoma Water-clear Cell,m,"benign,inflammation,atypical,malignant",
M83223, Carcinoma Water-clear Cell,m,"benign,inflammation,atypical,malignant",
M83300, Adenoma Follicular,m,"benign,inflammation,atypical,malignant",
M83303, Carcinoma Follicular,m,"benign,inflammation,atypical,malignant",
M83403, Carcinoma Papillary and Follicular,m,"benign,inflammation,atypical,malignant",
M83601, Multiple Endocrine Neoplasia,m,"benign,inflammation,atypical,malignant",
M83700, Adenoma Adrenal Cortical,m,"benign,inflammation,atypical,malignant",
M83701, Adrenal Cortical Tumour,m,"benign,inflammation,atypical,malignant",
M83703, Carcinoma Adrenal Cortical,m,"benign,inflammation,atypical,malignant",
M83800, Adenoma Endometrioid,m,"benign,inflammation,atypical,malignant",
M83801, Adenoma Endometrioid Borderline Malignancy,m,"benign,inflammation,atypical,malignant",
M83803, Adenocarcinoma Endometrioid,m,"benign,inflammation,atypical,malignant",
M83810, Adenofibroma Endometrioid,m,"benign,inflammation,atypical,malignant",
M83811, Adenofibroma Endometrioid Borderline Malignancy,m,"benign,inflammation,atypical,malignant",
M83813, Adenofibroma Endometrioid Malignant,m,"benign,inflammation,atypical,malignant",
M83900, Skin Appendage Tumour,m,"benign,inflammation,atypical,malignant",
M83903, Skin Appendage Carcinoma,m,"benign,inflammation,atypical,malignant",
M84000, Sweat Gland Tumour Benign,m,"benign,inflammation,atypical,malignant",
M84001, Sweat Gland Tumour,m,"benign,inflammation,atypical,malignant",
M84003, Carcinoma Eccrine,m,"benign,inflammation,atypical,malignant",
M84010, Apocrine Adenoma,m,"benign,inflammation,atypical,malignant",
M84013, Carcinoma of Apocrine Glands,m,"benign,inflammation,atypical,malignant",
M84020, Eccrine Poroma,m,"benign,inflammation,atypical,malignant",
M84030, Eccrine Spiradenoma,m,"benign,inflammation,atypical,malignant",
M84040, Hidrocystoma,m,"benign,inflammation,atypical,malignant",
M84050, Hidradenoma Papillary,m,"benign,inflammation,atypical,malignant",
M84060, Syringocystadenoma Papilliferum,m,"benign,inflammation,atypical,malignant",
M84070, Syringoma,m,"benign,inflammation,atypical,malignant",
M84100, Adenoma Sebaceous,m,"benign,inflammation,atypical,malignant",
M84103, Carcinoma Sebaceous,m,"benign,inflammation,atypical,malignant",
M84301, Mucoepidermoid Tumour,m,"benign,inflammation,atypical,malignant",
M84303, Carcinoma Mucoepidermoid,m,"benign,inflammation,atypical,malignant",
M84400, Cystadenoma,m,"benign,inflammation,atypical,malignant",
M84403, Cystadenocarcinoma,m,"benign,inflammation,atypical,malignant",
M84410, Serous Cystadenoma,m,"benign,inflammation,atypical,malignant",
M84411, Serous Cystadenoma Borderline Malignancy,m,"benign,inflammation,atypical,malignant",
M84413, Cystadenocarcinoma Serous,m,"benign,inflammation,atypical,malignant",
M84500, Papillary Cystadenoma,m,"benign,inflammation,atypical,malignant",
M84501, Papillary Cystadenoma Borderline Malignancy,m,"benign,inflammation,atypical,malignant",
M84503, Papillary Cystadenocarcinoma,m,"benign,inflammation,atypical,malignant",
M84600, Papillary Serous Cystadenoma,m,"benign,inflammation,atypical,malignant",
M84603, Papillary Serous Cystadenocarcinoma,m,"benign,inflammation,atypical,malignant",
M84610, Serous Surface Papilloma,m,"benign,inflammation,atypical,malignant",
M84611, Serous Surface Papilloma Borderline Malignancy,m,"benign,inflammation,atypical,malignant",
M84613, Serous Surface Papillary Carcinoma,m,"benign,inflammation,atypical,malignant",
M84700, Cystadenoma Mucinous,m,"benign,inflammation,atypical,malignant",
M84701, Cystadenoma Mucinous Borderline Malignancy,m,"benign,inflammation,atypical,malignant",
M84703, Cystadenocarcinoma Mucinous,m,"benign,inflammation,atypical,malignant",
M84710, Cystadenoma Papillary Mucinous,m,"benign,inflammation,atypical,malignant",
M84711, Cystadenoma Papillary Mucinous Borderline,m,"benign,inflammation,atypical,malignant",
M84713, Cystadenocarcinoma Papillary Mucinous,m,"benign,inflammation,atypical,malignant",
M84800, Adenoma Mucinous,m,"benign,inflammation,atypical,malignant",
M84803, Carcinoma Mucinous,m,"benign,inflammation,atypical,malignant",
M84806, Pseudomyxoma Peritonei,m,"benign,inflammation,atypical,malignant",
M84813, Mucin-secreting Adenocarcinoma,m,"benign,inflammation,atypical,malignant",
M84903, Adenocarcinoma Signet Ring Cell,m,"benign,inflammation,atypical,malignant",
M84906, Krukenberg Tumour,m,"benign,inflammation,atypical,malignant",
M85000, Adenom Ductal,m,"benign,inflammation,atypical,malignant",
M85002, Carcinoma Ductal in Situ,m,"benign,inflammation,atypical,malignant",
M85003, Carcinoma Infiltrating Duct,m,"benign,inflammation,atypical,malignant",
M85006, Carcinoma Metastatic Ductal,m,"benign,inflammation,atypical,malignant",
M85012, Carcinoma Comedo (Intraduct),m,"benign,inflammation,atypical,malignant",
M85013, Carcinoma Comedo (Infiltrating),m,"benign,inflammation,atypical,malignant",
M85023, Secretory Carcinoma of the Breast,m,"benign,inflammation,atypical,malignant",
M85030, Papilloma Intraduct,m,"benign,inflammation,atypical,malignant",
M85032, Carcinoma Intraduct Papillary,m,"benign,inflammation,atypical,malignant",
M85033, Invasive Papillary Carcinoma,m,"benign,inflammation,atypical,malignant",
M85040, Papilloma Intracystic,m,"benign,inflammation,atypical,malignant",
M85042, Carcinoma Non-infiltrating Intracystic,m,"benign,inflammation,atypical,malignant",
M85050, Papillomatosis Intraductal,m,"benign,inflammation,atypical,malignant",
M85060, Adenoma of the Nipple,m,"benign,inflammation,atypical,malignant",
M85103, Carcinoma Medullary,m,"benign,inflammation,atypical,malignant",
M85106, Carcinoma Metatstatic Medullary,m,"benign,inflammation,atypical,malignant",
M85202, Carcinoma Lobular In-situ,m,"benign,inflammation,atypical,malignant",
M85203, Carcinoma Infiltrating Lobular,m,"benign,inflammation,atypical,malignant",
M85206, Carcinoma Metastatic Lobular,m,"benign,inflammation,atypical,malignant",
M85213, Carcinoma Tubulolobular,m,"benign,inflammation,atypical,malignant",
M85216, Carcinoma Metastatic Tubulolobular,m,"benign,inflammation,atypical,malignant",
M85303, Carcinoma Inflammatory,m,"benign,inflammation,atypical,malignant",
M85403, Paget's Disease of Breast,m,"benign,inflammation,atypical,malignant",
M85423, Paget's Disease Extramammary (Except Paget's Disease of Bo,m,"benign,inflammation,atypical,malignant",
M85500, Adenoma Acinic Cell,m,"benign,inflammation,atypical,malignant",
M85501, Acinic Cell Tumour,m,"benign,inflammation,atypical,malignant",
M85503, Carcinoma Acinic Cell,m,"benign,inflammation,atypical,malignant",
M85603, Adenosquamous Carcinoma,m,"benign,inflammation,atypical,malignant",
M85610, Adenolymphoma (Warthin's Tumour),m,"benign,inflammation,atypical,malignant",
M85703, Adenoacanthoma,m,"benign,inflammation,atypical,malignant",
M85800, Thymoma,m,"benign,inflammation,atypical,malignant",
M85803, Thymoma Malignant,m,"benign,inflammation,atypical,malignant",
M85901, Sex Cord Stromal Tumour,m,"benign,inflammation,atypical,malignant",
M86000, Thecoma,m,"benign,inflammation,atypical,malignant",
M86003, Thecoma Malignant,m,"benign,inflammation,atypical,malignant",
M86100, Luteoma,m,"benign,inflammation,atypical,malignant",
M86126, Carcinoma Metatstatic Renal Cell,m,"benign,inflammation,atypical,malignant",
M86201, Granulosa Cell Tumour,m,"benign,inflammation,atypical,malignant",
M86203, Granulosa Cell Tumour Malignant,m,"benign,inflammation,atypical,malignant",
M86211, Granulosa Cell/theca Cell Tumour,m,"benign,inflammation,atypical,malignant",
M86301, Androblastoma Arrhenoblastoma,m,"benign,inflammation,atypical,malignant",
M86310, Sertoli-leydig Cell Tumour,m,"benign,inflammation,atypical,malignant",
M86400, Sertoli Cell Tumour,m,"benign,inflammation,atypical,malignant",
M86403, Carcinoma Sertoli Cell,m,"benign,inflammation,atypical,malignant",
M86500, Leydig Cell Tumour Benign,m,"benign,inflammation,atypical,malignant",
M86501, Leydig Cell Tumour,m,"benign,inflammation,atypical,malignant",
M86503, Leydig Cell Tumour Malignant,m,"benign,inflammation,atypical,malignant",
M86710, Adrenal Rest Tumour,m,"benign,inflammation,atypical,malignant",
M86801, Paraganglioma,m,"benign,inflammation,atypical,malignant",
M86803, Paraganglioma Malignant,m,"benign,inflammation,atypical,malignant",
M87001, Phaeochromocytoma,m,"benign,inflammation,atypical,malignant",
M87003, Phaeochromocytoma Malignant,m,"benign,inflammation,atypical,malignant",
M87103, Glomangiosarcoma,m,"benign,inflammation,atypical,malignant",
M87110, Glomus Tumour,m,"benign,inflammation,atypical,malignant",
M87120, Glomangioma,m,"benign,inflammation,atypical,malignant",
M87200, Naevus,m,"benign,inflammation,atypical,malignant",
M87203, Melanoma Malignant,m,"benign,inflammation,atypical,malignant",
M87206, Melanoma Metastatic,m,"benign,inflammation,atypical,malignant",
M87230, Naevus Halo,m,"benign,inflammation,atypical,malignant",
M87240, Fibrous Papule of the Nose,m,"benign,inflammation,atypical,malignant",
M87303, Melanoma Amelanotic,m,"benign,inflammation,atypical,malignant",
M87400, Naevus Junctional,m,"benign,inflammation,atypical,malignant",
M87422, Lentigo Maligna,m,"benign,inflammation,atypical,malignant",
M87423, Melanoma Lentigo Maligna,m,"benign,inflammation,atypical,malignant",
M87433, Melanoma Superficial Spreading,m,"benign,inflammation,atypical,malignant",
M87453, Melanoma Acral Lentiginous,m,"benign,inflammation,atypical,malignant",
M87500, Naevus Intradermal,m,"benign,inflammation,atypical,malignant",
M87600, Naevus Compound,m,"benign,inflammation,atypical,malignant",
M87611, Naevus Giant Pigmented,m,"benign,inflammation,atypical,malignant",
M87613, Malignant Melanoma in Giant Pigmented Naevus,m,"benign,inflammation,atypical,malignant",
M87700, Naevus Spitz (Spindle/epithelioid),m,"benign,inflammation,atypical,malignant",
M87800, Naevus Blue,m,"benign,inflammation,atypical,malignant",
M87900, Naevus Blue Cellular,m,"benign,inflammation,atypical,malignant",
M88000, Benign Soft Tissue Tumour,m,"benign,inflammation,atypical,malignant",
M88003, Sarcoma,m,"benign,inflammation,atypical,malignant",
M88043, Sarcoma Epithelioid,m,"benign,inflammation,atypical,malignant",
M88100, Fibroma,m,"benign,inflammation,atypical,malignant",
M88103, Fibrosarcoma,m,"benign,inflammation,atypical,malignant",
M88110, Fibromyxoma,m,"benign,inflammation,atypical,malignant",
M88113, Fibromyxosarcoma,m,"benign,inflammation,atypical,malignant",
M88221, Fibromatosis Abdominal,m,"benign,inflammation,atypical,malignant",
M88300, Fibrous Histiocytoma,m,"benign,inflammation,atypical,malignant",
M88301, Atypical Fibrous Histiocytoma,m,"benign,inflammation,atypical,malignant",
M88303, Malignant Fibrous Histiocytoma,m,"benign,inflammation,atypical,malignant",
M88310, Fibroxanthoma,m,"benign,inflammation,atypical,malignant",
M88311, Fibroxanthoma Atypical,m,"benign,inflammation,atypical,malignant",
M88313, Fibroxanthoma Malignant,m,"benign,inflammation,atypical,malignant",
M88320, Dermatofibroma,m,"benign,inflammation,atypical,malignant",
M88323, Dermatofibrosarcoma Protruberans,m,"benign,inflammation,atypical,malignant",
M88400, Myxoma,m,"benign,inflammation,atypical,malignant",
M88403, Myxosarcoma,m,"benign,inflammation,atypical,malignant",
M88500, Lipoma,m,"benign,inflammation,atypical,malignant",
M88503, Liposarcoma,m,"benign,inflammation,atypical,malignant",
M88510, Fibrolipoma,m,"benign,inflammation,atypical,malignant",
M88570, Lipoma Spindle Cell,m,"benign,inflammation,atypical,malignant",
M88600, Angiomyolipoma,m,"benign,inflammation,atypical,malignant",
M88610, Angiolipoma,m,"benign,inflammation,atypical,malignant",
M88800, Hibernoma,m,"benign,inflammation,atypical,malignant",
M88810, Lipoblastoma,m,"benign,inflammation,atypical,malignant",
M88900, Leiomyoma,m,"benign,inflammation,atypical,malignant",
M88903, Leiomyosarcoma,m,"benign,inflammation,atypical,malignant",
M88940, Angioleiomyoma,m,"benign,inflammation,atypical,malignant",
M88943, Angiomyosarcoma,m,"benign,inflammation,atypical,malignant",
M88950, Myoma,m,"benign,inflammation,atypical,malignant",
M88953, Myosarcoma,m,"benign,inflammation,atypical,malignant",
M89000, Rhabdomyoma,m,"benign,inflammation,atypical,malignant",
M89003, Rhabdomyosarcoma,m,"benign,inflammation,atypical,malignant",
M89303, Sarcoma Endometrial Stromal,m,"benign,inflammation,atypical,malignant",
M89311, Stromal Myosis (Low Grade Stromal Sarcoma),m,"benign,inflammation,atypical,malignant",
M89320, Adenomyoepithelioma,m,"benign,inflammation,atypical,malignant",
M89400, Adenoma Pleomorphic (Mixed Tumour),m,"benign,inflammation,atypical,malignant",
M89403, Carcinoma in Pleomorphic Adenoma,m,"benign,inflammation,atypical,malignant",
M89503, Mixed Mullerian Tumour,m,"benign,inflammation,atypical,malignant",
M89513, Mixed Mesodermal Tumour,m,"benign,inflammation,atypical,malignant",
M89601, Mesoblastic Nephroma,m,"benign,inflammation,atypical,malignant",
M89603, Nephroblastoma,m,"benign,inflammation,atypical,malignant",
M89703, Hepatoblastoma,m,"benign,inflammation,atypical,malignant",
M89803, Carcinosarcoma,m,"benign,inflammation,atypical,malignant",
M89820, Myoepithelioma,m,"benign,inflammation,atypical,malignant",
M89913, Sarcoma Embryonal,m,"benign,inflammation,atypical,malignant",
M90000, Brenner Tumour,m,"benign,inflammation,atypical,malignant",
M90003, Brenner Tumour Malignant,m,"benign,inflammation,atypical,malignant",
M90100, Fibroadenoma,m,"benign,inflammation,atypical,malignant",
M90201, Phyllodes Tumour Benign,m,"benign,inflammation,atypical,malignant",
M90202, Phyllodes Tumour Borderline,m,"benign,inflammation,atypical,malignant",
M90203, Phyllodes Tumour Malignant,m,"benign,inflammation,atypical,malignant",
M90300, Fibroadenoma Cellular (Juvenile),m,"benign,inflammation,atypical,malignant",
M90403, Sarcoma Synovial,m,"benign,inflammation,atypical,malignant",
M90443, Sarcoma Clear Cell of Tendons and Aponeuroses,m,"benign,inflammation,atypical,malignant",
M90500, Mesothelioma Benign,m,"benign,inflammation,atypical,malignant",
M90503, Mesothelioma Malignant,m,"benign,inflammation,atypical,malignant",
M90540, Adenomatoid Tumour,m,"benign,inflammation,atypical,malignant",
M90613, Seminoma,m,"benign,inflammation,atypical,malignant",
M90643, Germinoma,m,"benign,inflammation,atypical,malignant",
M90713, Endodermal Sinus Tumour (Yolk Sac),m,"benign,inflammation,atypical,malignant",
M90723, Polyembryoma,m,"benign,inflammation,atypical,malignant",
M90731, Gonadoblastoma,m,"benign,inflammation,atypical,malignant",
M90800, Teratoma Differentiated,m,"benign,inflammation,atypical,malignant",
M90803, Teratoma Immature,m,"benign,inflammation,atypical,malignant",
M90840, Teratoma Mature Cystic,m,"benign,inflammation,atypical,malignant",
M90843, Teratoma with Malignant Transformation,m,"benign,inflammation,atypical,malignant",
M90900, Struma Ovarii,m,"benign,inflammation,atypical,malignant",
M90911, Strumal Carcinoid,m,"benign,inflammation,atypical,malignant",
M91000, Hydatidiform Mole,m,"benign,inflammation,atypical,malignant",
M91003, Choriocarcinoma,m,"benign,inflammation,atypical,malignant",
M91100, Adenoma Mesonephric,m,"benign,inflammation,atypical,malignant",
M91103, Carcinoma Mesonephric,m,"benign,inflammation,atypical,malignant",
M91200, Haemangioma,m,"benign,inflammation,atypical,malignant",
M91203, Angiosarcoma,m,"benign,inflammation,atypical,malignant",
M91210, Haemangioma Cavernous,m,"benign,inflammation,atypical,malignant",
M91220, Haemangioma Venous,m,"benign,inflammation,atypical,malignant",
M91230, Haemangioma Arteriovenous / AV Malformation,m,"benign,inflammation,atypical,malignant",
M91301, Haemangioendothelioma Infantile,m,"benign,inflammation,atypical,malignant",
M91303, Haemangioendothelioma Epithelioid,m,"benign,inflammation,atypical,malignant",
M91310, Haemangioma Capillary,m,"benign,inflammation,atypical,malignant",
M91403, Kaposi's Sarcoma,m,"benign,inflammation,atypical,malignant",
M91410, Angiokeratoma,m,"benign,inflammation,atypical,malignant",
M91420, Haemangioma Verrucous Keratotic,m,"benign,inflammation,atypical,malignant",
M91501, Haemangiopericytoma,m,"benign,inflammation,atypical,malignant",
M91503, Haemangiopericytoma Malignant,m,"benign,inflammation,atypical,malignant",
M91600, Angiofibroma,m,"benign,inflammation,atypical,malignant",
M91611, Haemangioblastoma,m,"benign,inflammation,atypical,malignant",
M91700, Lymphangioma,m,"benign,inflammation,atypical,malignant",
M91703, Lymphangiosarcoma,m,"benign,inflammation,atypical,malignant",
M91740, Lymphangiomyoma,m,"benign,inflammation,atypical,malignant",
M91800, Osteoma,m,"benign,inflammation,atypical,malignant",
M91803, Osteosarcoma,m,"benign,inflammation,atypical,malignant",
M92000, Osteoblastoma,m,"benign,inflammation,atypical,malignant",
M92100, Osteochondroma / Exostosis,m,"benign,inflammation,atypical,malignant",
M92101, Osteochondromatosis,m,"benign,inflammation,atypical,malignant",
M92200, Enchondroma,m,"benign,inflammation,atypical,malignant",
M92201, Chondromatosis,m,"benign,inflammation,atypical,malignant",
M92203, Chondrosarcoma,m,"benign,inflammation,atypical,malignant",
M92410, Fibroma Chondromyxoid,m,"benign,inflammation,atypical,malignant",
M92501, Giant Cell Tumour of Bone,m,"benign,inflammation,atypical,malignant",
M92503, Giant Cell Tumour of Bone Malignant,m,"benign,inflammation,atypical,malignant",
M92511, Giant Cell Tumour of Soft Parts,m,"benign,inflammation,atypical,malignant",
M92513, Malignant Giant Cell Tumour of Soft Parts,m,"benign,inflammation,atypical,malignant",
M92603, Sarcoma Ewing's,m,"benign,inflammation,atypical,malignant",
M92613, Adamantinoma of Long Bones,m,"benign,inflammation,atypical,malignant",
M92620, Fibroma Ossifying,m,"benign,inflammation,atypical,malignant",
M92701, Odontogenic Tumour,m,"benign,inflammation,atypical,malignant",
M92703, Carcinoma Odontogenic,m,"benign,inflammation,atypical,malignant",
M92800, Odontoma,m,"benign,inflammation,atypical,malignant",
M93501, Craniopharyngioma,m,"benign,inflammation,atypical,malignant",
M93630, Melanotic Neuroectodermal Tumour,m,"benign,inflammation,atypical,malignant",
M93703, Chordoma,m,"benign,inflammation,atypical,malignant",
M93803, Glioma Malignant,m,"benign,inflammation,atypical,malignant",
M93823, Glioma Mixed,m,"benign,inflammation,atypical,malignant",
M93831, Subependymoma,m,"benign,inflammation,atypical,malignant",
M93841, Astrocytoma Subependymal Giant Cell,m,"benign,inflammation,atypical,malignant",
M93913, Ependymoma,m,"benign,inflammation,atypical,malignant",
M94001, Astrocytoma Low Grade,m,"benign,inflammation,atypical,malignant",
M94003, Astrocytoma High Grade,m,"benign,inflammation,atypical,malignant",
M94303, Astroblastoma,m,"benign,inflammation,atypical,malignant",
M94403, Glioblastoma Multiforme,m,"benign,inflammation,atypical,malignant",
M94423, Gliosarcoma,m,"benign,inflammation,atypical,malignant",
M94503, Oligodendroglioma,m,"benign,inflammation,atypical,malignant",
M94703, Medulloblastoma,m,"benign,inflammation,atypical,malignant",
M94900, Ganglioneuroma,m,"benign,inflammation,atypical,malignant",
M95003, Neuroblastoma,m,"benign,inflammation,atypical,malignant",
M95051, Ganglioglioma,m,"benign,inflammation,atypical,malignant",
M95060, Neurocytoma Central,m,"benign,inflammation,atypical,malignant",
M95103, Retinoblastoma,m,"benign,inflammation,atypical,malignant",
M95300, Meningioma,m,"benign,inflammation,atypical,malignant",
M95303, Meningioma Malignant,m,"benign,inflammation,atypical,malignant",
M95400, Neurofibroma,m,"benign,inflammation,atypical,malignant",
M95403, Neurofibrosarcoma,m,"benign,inflammation,atypical,malignant",
M95410, Neurofibroma Melanotic,m,"benign,inflammation,atypical,malignant",
M95500, Neurofibroma Plexiform,m,"benign,inflammation,atypical,malignant",
M95600, Neurilemmoma / Schwannoma,m,"benign,inflammation,atypical,malignant",
M95603, Schwannoma Malignant,m,"benign,inflammation,atypical,malignant",
M95700, Neuroma,m,"benign,inflammation,atypical,malignant",
M95800, Granular Cell Tumour,m,"benign,inflammation,atypical,malignant",
M95803, Granular Cell Tumour Malignant,m,"benign,inflammation,atypical,malignant",
M95813, Sarcoma Alveolar Soft Part,m,"benign,inflammation,atypical,malignant",
M95903, Lymphoma Nos Non-hodgkin,m,"benign,inflammation,atypical,malignant",
M96023, Lymphoma Lymphoblastic,m,"benign,inflammation,atypical,malignant",
M96113, Lymphoma Lymphoplasmacytic,m,"benign,inflammation,atypical,malignant",
M96123, Lymphoma Immunoblastic,m,"benign,inflammation,atypical,malignant",
M96143, Lymphoma Centroblastic-centrocytic Diffuse,m,"benign,inflammation,atypical,malignant",
M96203, Lymphoma Lymphocytic,m,"benign,inflammation,atypical,malignant",
M96403, Lymphoma T Cell,m,"benign,inflammation,atypical,malignant",
M96503, Hodgkin's Disease,m,"benign,inflammation,atypical,malignant",
M97003, Mycosis Fungoides,m,"benign,inflammation,atypical,malignant",
M97013, Sezary's Syndrome,m,"benign,inflammation,atypical,malignant",
M97103, Microglioma,m,"benign,inflammation,atypical,malignant",
M97203, Malignant Histiocytosis,m,"benign,inflammation,atypical,malignant",
M97303, Myeloma,m,"benign,inflammation,atypical,malignant",
M97311, Plasmacytoma,m,"benign,inflammation,atypical,malignant",
M97401, Mast Cell Tumour,m,"benign,inflammation,atypical,malignant",
M97403, Mast Cell Tumour Malignant,m,"benign,inflammation,atypical,malignant",
M97413, Systemic Mastocytosis,m,"benign,inflammation,atypical,malignant",
M97503, Lymphoma Undifferentiated Burkitt's Type,m,"benign,inflammation,atypical,malignant",
M98000, Leukaemia Nos,m,"benign,inflammation,atypical,malignant",
M99303, Granulocytic Sarcoma (Chloroma),m,"benign,inflammation,atypical,malignant",
M99403, Leukaemia Hairy Cell,m,"benign,inflammation,atypical,malignant",
M99601, Myeloproliferative Disorder,m,"benign,inflammation,atypical,malignant",
M99611, Myelofibrosis Myeloproliferative,m,"benign,inflammation,atypical,malignant",
M99621, Thrombocythaemia,m,"benign,inflammation,atypical,malignant",
M99701, Lymphoproliferative Disorder,m,"benign,inflammation,atypical,malignant",
MFLAG1,FLAG Suitable for Exam/teaching,m,"benign,inflammation,atypical,malignant",
MLAG2,LAG Suitable for Photography,m,"benign,inflammation,atypical,malignant",
MLAG3,LAG Research Case,m,"benign,inflammation,atypical,malignant",
MLAG4,LAG Case for Later Follow-up,m,"benign,inflammation,atypical,malignant",
MD3071,D Rheumatoid Arthritis,m,"benign,inflammation,atypical,malignant",
MD3878,D Scleredema of Buschke,m,"benign,inflammation,atypical,malignant",
MD3540,D Urticaria,m,"benign,inflammation,atypical,malignant",
MD3541,D Angioedema,m,"benign,inflammation,atypical,malignant",
MD3560,D Urticaria Pigmentosa,m,"benign,inflammation,atypical,malignant",
MD3600,D Dermatitis Vesicular,m,"benign,inflammation,atypical,malignant",
MD3610,D Pemphigus Vulgaris,m,"benign,inflammation,atypical,malignant",
MD3612,D Pemphigus Foliaceus,m,"benign,inflammation,atypical,malignant",
MD3614,D Pemphigus Erythematosus,m,"benign,inflammation,atypical,malignant",
MD3615,D Pemphigus Vegetans,m,"benign,inflammation,atypical,malignant",
MD3616,D Pemphigoid Cicatricial,m,"benign,inflammation,atypical,malignant",
MD3617,D Pemphigus Familial Benign,m,"benign,inflammation,atypical,malignant",
MD3618,D Pemphigoid Bullous,m,"benign,inflammation,atypical,malignant",
MD3619,D Dermatitis Herpetiformis,m,"benign,inflammation,atypical,malignant",
MD3620,D Pemphigoid Gestationis,m,"benign,inflammation,atypical,malignant",
M58770, Lupus,m,"benign,inflammation,atypical,malignant",
ME3345,E Human Papillomavirus,m,"benign,inflammation,atypical,malignant",
M82003, Carcinoma - Adenoid Cystic,m,"benign,inflammation,atypical,malignant",
M89403, Carcinoma - Ex Pleomorphic Adenoma,m,"benign,inflammation,atypical,malignant",
M84303, Carcinoma - Mucoepidermoid,m,"benign,inflammation,atypical,malignant",
M26560, Dentigerous cyst,m,"benign,inflammation,atypical,malignant",
M68710, Dysplasia mild,m,"benign,inflammation,atypical,malignant",
M69720, Dysplasia Mild - Moderate,m,"benign,inflammation,atypical,malignant",
M69730, Dysplasia Mild - Severe,m,"benign,inflammation,atypical,malignant",
M74920, Fibrous dysplasia,m,"benign,inflammation,atypical,malignant",
M72600, Frictional keratosis,m,"benign,inflammation,atypical,malignant",
M44120, Giant Cell Granuloma - Peripheral,m,"benign,inflammation,atypical,malignant",
M44130, Giant Cell Granuloma - Central,m,"benign,inflammation,atypical,malignant",
M95800, Granular cell tumour NOS,m,"benign,inflammation,atypical,malignant",
M26600, Incisive canal cyst,m,"benign,inflammation,atypical,malignant",
M26500, Lymphoepithelial cyst,m,"benign,inflammation,atypical,malignant",
M33200, Mucous extravasion  cyst,m,"benign,inflammation,atypical,malignant",
M92620, Ossifying fibroma,m,"benign,inflammation,atypical,malignant",
M72050, Papillary hyperplasia,m,"benign,inflammation,atypical,malignant",
M89400, Pleomorphic adenoma,m,"benign,inflammation,atypical,malignant",
M39100, Sequestrum NOS,m,"benign,inflammation,atypical,malignant",
MD3830,D Sjogren's syndrome,m,"benign,inflammation,atypical,malignant",
M38020, Ulcer non specific,m,"benign,inflammation,atypical,malignant",
M85610, Warthin's tumour,m,"benign,inflammation,atypical,malignant",
M11600, Radiation injury NOS,m,"benign,inflammation,atypical,malignant",
M92730, Cementoblastoma benign,m,"benign,inflammation,atypical,malignant",
M92760, Cemento-osseous dysplasia,m,"benign,inflammation,atypical,malignant",
M72900, Cholesteatoma,m,"benign,inflammation,atypical,malignant",
M26600, Incisive canal cyst,m,"benign,inflammation,atypical,malignant",
M26500, Thyroglossal Duct - Cyst,m,"benign,inflammation,atypical,malignant",
M26520, Cyst odontogenic,m,"benign,inflammation,atypical,malignant",
M43800, Radicular cyst,m,"benign,inflammation,atypical,malignant",
M26530, Odontogenic Keratocyst,m,"benign,inflammation,atypical,malignant",
M92700, Odontogenic tumour benign,m,"benign,inflammation,atypical,malignant",
M92703, Odontogenic Tumour - Malignant,m,"benign,inflammation,atypical,malignant",
M80530, Papilloma inverted,m,"benign,inflammation,atypical,malignant",
MD3830,D Sjogren's syndrome,m,"benign,inflammation,atypical,malignant",
